Jed Meeks,43,RLIKB7MGD8DL4K0R
Delinda Orta,56,4MUI9Y0Z45YIZ43R
Gregoria Seibert,76,25IC285Q4VSBGSQJ
Misti Reis,38,RFZ3FKVTS0TA9DMQ
Sharika Emery,33,90Y9A165Q9RU9399
Malisa Pelletier,34,VM0B1X8CIQHY5HYA
India Calhoun,72,EXM86GJQZ6FGXL5J
Sheba Ross,41,1Q7XQNM9QUQKQRHU
Qiana Marlowe,87,FZXKEHTC2MUML2LF
Reagan Toth,24,HF9AQ15D23H8DRIO
Tamala Crutchfield,28,VLCIJC7XAKEZ3UE2
Shirely Wetzel,19,ZQ6TL7VQR2T8UOQ5
Gary Pinson,56,31ZQU5QAMJAA72RG
Angelia Bermudez,8,TAH8NQQDNMZBR50C
Bea Munoz,6,ZK3N0VPUU92RRSQZ
Cleta Hickey-Sandlin,23,HJUPC2PAY8YO1JL1
Karma Caraway,43,9PQUC1HQJDK9VSHT
Carolann Santiago,57,6OR3AAS63ZMFXKN1
Kathey Anders,54,MSH2BYDFJM2MTB43
Regan Gaddy,74,HX1EKXOST0XRSR2A
Emmanuel Roundtree,16,DANXG4VVYZI1969S
Edmond Sanders,73,75CQZQQRI4AFIRBP
Werner Sides,25,74TJCPTAONQD9PZC
Twanna Weber,3,V3TK4FJ6FQE4514L
Stefania Leroy,46,A5QUVG2Q7ET2N5TA
Ngoc Harter,83,RRQFEZP986SVQJIY
Yolando Gipson,54,D8UZP35LPXA3OMME
Colene Cromwell,27,N0J0FGI3UTCGPQRK
Hilary Beals,82,Q054HQ2Z85FA8AM6
Olive Wadsworth,64,LS1USSZZNKVQLIHY
Floretta True,51,TFEVYO3K63AARL00
Sharonda Olds,46,UQ085Z1GAKO9UMN4
Herbert Tan,28,8QB6XXG9H22ZHQ1U
Mirella Mcmillan,81,36LLF30IXZNIDZYQ
Caitlyn Case,50,ER6K06EVC5QP9LVQ
Marquis Covert,31,DR60GLLYP24A31RO
Shonda Janssen,33,547SLE116XEENUQ9
Giovanni Dodson,69,XEP9G2DB4MKAOKS6
Barbera Pinkney-Chastain,39,5CLEID412H03H0DG
Sasha Spangler,44,CQDV40PU6J3Y567T
Junko Cobbs-Stegall,69,A1UT4D8D8B49CKSM
Valda Harr,88,EEAOB0MJ5E7HFDJT
Gil Robins,25,ZG871GPCV9VG593M
David Haddad,3,QTHXHLTR9N4T4GBQ
Caryl Gerald,82,UULIPZRV846Z7AQA
Edmund Mcintosh,68,JLIQ9E21MFYMQ0X4
Ernestina Arteaga,14,BG035JZ8UNPQXZ0S
Kandra Hass,12,87MT3ER0BIP4TR1Q
Maisha Passmore,17,F34QOQQUH6R372LB
Signe Shanahan,60,XEKZG9KSB73HNFRS
Ivelisse Rosenberg,88,NC1R5L0B6TB1CJTR
Saul Card,53,IANYSX2LEBEHCBDQ
Effie Franklin,29,Q3C87U69VYS8HYB7
Lola Hawkins,39,U6SSEIDQ9Y5EUU17
September Rangel,94,EKNSL9VPLLFZIOBF
Milissa Sotelo,68,CJYLTG5KFATP5BQC
Robbi Varela,91,2NNQ9GX6JAJZ0KT6
Leoma Roth,44,RQ0OEKY2TVTFMZ39
Alena Pippin,78,EEVHBBABEH5RBCIQ
Agustin Elam,46,N4E9CORQDI3YO7VJ
Leta Parkinson,15,QAQ4KP7THTHP1XYS
Suzi Piper,66,MD7I9P254EELLC44
Angelia Andre,53,ZYY5APF67AMP9K1F
Franklin Carnes,26,OBG11YDGRUXII3J6
Esta Reardon,57,2OVGLQXXM7GD5OYA
Parthenia Watts,65,KLKMQNKMEV4T7DOB
Cesar Sturm,81,3JM8DCD4BTF6JKDM
Nam Dayton,36,O4N2861JGB4FUJLL
Sheridan Saddler,28,3DP4JV9RUXFI1NII
Claud Montero,36,V7NXN3BUGJJZZZL5
Martha Browder,10,B98S9PGIXPX36AO8
Karolyn Alston,18,NUL26CJQ9VQ3NXTK
Delora Moreland,26,EF7PIH6YG76DQ7TV
Sarina Gorman,86,ZYF9R2H906QH2FVQ
Sammie Chin,52,6GUIXQV892QZBXJE
Annelle Winfrey-Allan,2,562005DB9A6BRCE8
Sonny Elias,23,653NDGI4NITB2613
Romeo Anthony,71,IOBXMPTBU6J6MAON
Torrie Garner,62,BHCQE34NM9U5XOXS
Candie Kasper,33,Q1M4DF2Q0LGHF9KB
Charleen Mcnamee,86,KEEFQ8NQ27NUZH1F
Malena Stonge,62,GLPEIANY04BQJQVR
Selma Bible,53,82FQNVTCZCZ8JF8P
Brenton Willoughby,6,2CMFR5FJB01GR2A4
Ranee Rios,76,QXCDZR03HNU2E0T1
Malisa Roney,98,V3UQ6NLUZG1E82R6
Lucien Platt,86,FNY0MQ7EPYFGK5TR
Corrinne Ralph-Foret,48,QFQOOFQR6EPN0OVR
Arianna Ragsdale,27,U2FJYUKJLUKBAFGP
Lacey Riggs,97,Q0CF06FV3X6ZN5O4
Quinton Gresham,76,IYPQ8NVJRPX3QBLE
Florance Boatwright,43,9B87SAVVOMBYQ61C
Fidela Manson,60,41GE0KOEK0BHCJC6
Will Fryer,45,6SCU40LEQCZVFIHS
Debora Lamm,73,MCG3EFECE72C5U0E
Season Blanks,96,LSBSS1TLV2ZBZ15M
Alicia Trice,3,QHG7NSU30JLG9NHF
Vesta Simpson,61,STGCM9EQV58YMZ2Z
Trenton Ayers,81,5ETHHKDVIE14D608
Clarita Prado,27,ADXH4EQETN51XDZE
Olivia Laird,33,N821LNR6Q1TMNG97
Despina Ho,79,6I3J3YEBRHE2BTO5
Clemente Broussard,60,YNUXF1JQSN8U0TZE
Shayna Fortner,86,RGEC735BMA3UFJUK
Magdalene Irvine,10,UTFT340DHC6HCRKF
Tifany Dalton,86,ZJPOVU81SBT10942
Lakenya Cartwright,43,CQAJ12QQS4SBDM6G
Lang Callaway,1,F2LAJ6X31U510I71
Luana Bond,10,FE0MTMVKB05AX252
Yael Hernandez,57,MQPK7B2U6C6ITFSH
Rolando Overton,13,7T0DTVC2YOHIYU5E
Augustina Donnelly,9,D8RQXLC6BHZLBMMG
Nina Houle,30,BPXKYV5VY0OJS1DI
Roland Nicholson,73,JM7S0CE3M0Z2T94F
Wyatt Timmons,57,5B95BEOQG559JQ0Y
Shakita Philips,18,RCLOKJMZZEDC48G5
Thanh Dodson,90,JEUUFYI59JB7HYR6
Teddy Tran,32,Z0O6Q07Q80KCVHHU
Rochell Vergara,81,DY995A7SLNZLJULZ
Anton Mahoney,18,IP48JDE2A67HT42U
Eldora Ahmad,96,3OR9SB915NVTSYYB
Merna Jeffers,35,3MUL5744P2PIFQQ2
Johnny Burke,82,DOJCMNFQ9TQSYFVR
Joetta Blanton,25,VLPU75YCR0QQAOC9
Ngoc Loomis,9,D9B59J6DO4SJRNAE
Azalee Singer,66,LG2QHGZSGDAELE5X
Susannah Barnhill-Mims,2,DFQMAR0Q0MO0Y12U
Booker Hutchings,24,QR68BEAMCY9I94XL
Lisha Murrell,92,Y12NUGZL4698TRZB
Marisha Vue,60,FGCMOR2OTAARCEA8
Yuri Salazar,99,HJH1LQF7XKZ6JNYD
Kenda Mull,26,K6DCZ296PLIV1B7N
Ramonita Tompkins,16,0632EBQNER938JQ4
Cristen Richard,62,EDZQ5UP1561R0XZQ
Tana Prieto,28,HT588U5T1SEP8RTD
Albert Croteau,5,O8K6D6IQYQ94Z3TD
Allena Caron,43,CANGPN6IG7FFZDQV
Alex Slaton,55,C19VZ43DH2XEX4BQ
Arica Teel,63,BQI6TB5KOLUG9K1S
Elanor Wadsworth,79,IKHSTU0OGU9DJGU5
Veola Buckley,98,VJUVEEZYQ5J82CRS
Lula Orton,86,DMCKXOG4V0M9TNK9
Elizbeth Blackman,15,2GMCD24XY5Z2ZDZ9
Everette Montanez,55,0YAION5GQ9KQU49N
Cicely Samuel,47,1U0C0Y2LPQ6J42OD
Elsy Wilkerson,71,N7NSHQN6IIFLPLV4
Willene Gunther,63,TAX3UQLQ3K7MBE5J
Kena Gleason,47,ZQ3M2UX79D1A6XB7
Consuela Crooks,2,JQOAZURYI4XKQA4V
Irena Kinsey,38,3060EQOTBT4L8B2G
Cherrie Agnew,6,YIRB9YEFQIQUQHSX
Natasha Brunson,10,TBUGQ9KIT0H1BR8I
Hoyt Dailey,6,J613C3QZCZSS6B1T
Liane Tatum,47,DJIRYRY2QQ5OZ0L7
Myrna Ledford,58,SESPKB8YJA2VQNJJ
Drema Duong,22,FPES3TA4XVMMAI36
Cornell Willoughby,42,QU8MSEDDQUQK2AEF
So Peace,59,R4KEJ4MCEKIJRYGK
Crissy Estrella,40,GQII8Y4O9R7ZE09C
Halina Martens,45,ZTXPLO8PQ18SCGN8
Marcos Chapman,59,AYL4INITTS7OFBHS
Judy Richard,73,LHEA3EAI397NIPCM
Hiroko Wooten,99,R4AQC7Q6EUOQZ617
Sally Davidson,98,4QHFGDISBOS3QOF5
Rudolf Callender,7,M6ID0HQDPBXDIVCP
Sharon Treadway,48,QEN9C2LUJJ3C0RJI
Miguel Berryman,28,RAPR9NQTINISM04Y
Vonda Obrien,40,33BYC81MX92SAV3H
Dorthey Slade,22,SZD37LJ9H8Z42CET
Rubie Maggard,4,LR15VZ6VIN22RSN0
Stasia Cruse,11,DQTNZNXJPE5MOLL6
Travis Franks,1,Y4T8OQ4TANUOSX9C
Gay Hawkins,96,UJXQBAVJRQIC941Z
Magdalen Talbot,10,PABA95J7E8LEZBXU
Armida Lancaster,96,C531LKMY9SZXZANA
Clifford Baptiste,58,3H9Q6AO3IOHBQQ4I
Tamera Marquez,90,YS1CQNQS3XRY8C1L
Mavis Oliphant,7,5HQP1MNFE4VIAH0I
Joya Winfrey,33,C4XJC42VTQZO6DOH
Fermina Harwell,54,K6KASLZ579QFVINZ
Marshall Collins,57,5U23ED6MDVEN1PV5
Merle Beeler,66,U928X0N6I5GN4N3M
Yasmine Mccants,31,H7M9TBMCQNUFX3MC
Contessa Adler,97,ULNQNQU8Q47QCYF1
Rosalia Wilber,64,E5OLX5RQ5ICCXQ1O
Deja Castillo,8,1QB5QITZE58KQ9MQ
Ginny Sewell,62,6P1RHGEVTQQJPB2Y
Le Rhodes,5,371JH5G7R696Q3UX
Cira Conners-Kirchner,33,VAO96F9LC2NTIJ01
Janetta Ivy,59,X5F8QPVRXQE7NFYL
Pa Wang,45,GAPQ3UU2B26PYKQS
Ambrose Grant,72,CQBKBTU6ZE5B0QJS
Joy Bunker,30,2Q04TN8LRRNPE8AF
Rachel Hanna,1,38Y695G008FD5Y52
Cassandra Reeve,80,CQ385OTQN1VUIBN4
Hanh Wadsworth,11,ZQ3KZB6KINRVTIA8
Elsa Haskell,56,POMHARYGSCILQVPC
Heath Holton,4,C7B7QZCORVPJE4EQ
Ressie Hwang,2,AHGJ5N5ELLTQU6Z2
Lise Peltier,32,9T84N86GACKRT28H
Chloe Aguirre,9,G6RYDB56KS0SA49G
Anitra Mcqueen,57,GL4SGC43ZE62IJ1R
Ginger Mcnamara,54,ICI7EITOV194BE11
Armida Ruiz,37,2M9J681EOZISDGVQ
Cori Ledet-Mercado,14,LYX9FNNZU7FT665S
Felisa Tolliver,77,6M9294QS66U3FDPF
Jeremiah Reiter,82,QQ6AVO32N4OK895O
Jarvis Fried,40,IYP0EEQ97UI6PM21
Willow Dahl,50,255ABFEYCZV00YUH
Heide Hibbard,46,4SEJPQ52A49RSBTX
Forrest Goforth,40,E0INQSPHVEG4P7O3
Ariane Church,93,8VAB5CHTPKORQZQN
Elmer May,55,KPD9GL4G2881Q6T9
Reva Fortenberry,49,3QPO2U5KGPH8X097
Love Flanigan,40,QIHLA20E2J7XQNMF
Mitsue Wallin,44,LVJQOA4HQ56UF3BX
Mee Cone,98,IJXRCB18Q9D7SBBL
Oleta Blackmon,34,H8B0EZ1TSHUQ2S5I
Lashaunda Ojeda,30,19QT4E6779RQKAJJ
Lucas Blakely,44,UZDUV3QLSQZ4HO6E
Francisca Carper,94,0RGJ0H2AP9X9LZ9Y
Desirae Wolcott,96,Z1L085RVMYKD48EC
Cornelia Schindler,28,DHUZQJIJ01SJC738
Sudie Trinidad,99,RNM5D3GMZG1Q3XAA
Venice Ahrens,14,52375950QP1Q4TV2
Dave Li,94,MTJG8HA9NQCXIPBG
Noreen Fox,4,0E752QKVLK4AQJLJ
Ardelia Parrott,72,IC1YCC9GOV4JYANP
Eulah Sorrell,24,J677J0HJ4COTAHCJ
Kandy Alba,71,6VQOY00J8ZLEAS5B
Sterling Osborne,11,VQISFQUO4YGKPFUQ
Annis Thorton,13,TSB5DDUQVCB9E8ZR
Lue Valenti,82,L33H4LOQPUOVY91N
Rikki Mayfield,15,NZKOQO44I0R4CH5Q
Karan Ballard,72,GECA97N6X4H5MIHQ
Kimberlee Martinson,32,9RCCC900OEKRTPQM
Nicholas Trevino-Slayton,53,BC9NQ7I69RO9D04H
Nannie Mcarthur,4,CQ329R60GJ9EZGQR
Tamala Vaughan,18,TKEUEVSE4BBCP1P7
Kathlene Sandlin,91,0FQP1BLCJP926X7C
Cristine Nickerson,70,TUSPASJPUDQP7G00
Randal Holden,24,ELG1NXBBHJL78HO8
Luciana Cline,54,1E25CQOZBP0D1RBD
Charley Frias,45,35DQUDD54LFCRCYQ
Vance Lindgren,54,CCRY7UGAFJC5359E
Glenn Riddick,83,EQMAHXLLNZKYU66O
Jorge Mcmillian,71,8P80DKMIBO19SI3L
Chassidy Alderman,62,RNMQTPDGG31QN4S8
Giovanna Couch,41,4I9PUGGCHCQGC8DI
Freddy Moser,33,S894UEPESL1U5K86
Pearle Ruff,98,0C4KTP0DFCZNU1LK
Renee Combs,53,KU3IC31PLSCS5KTV
Keri Duggan,47,UGD3RIC152OL6N93
Freddie Foley,65,3KZQ4TTKKSOV83TP
Chara Osullivan,59,Y6K3YH1JFY55O0UK
Jude Egan,39,PK5VAB62TSDGH35G
Nicol Maurer,16,F1OJIVLGSXFY5IFU
Valarie Barringer,94,X0A19VEMHBUXHA84
Hoyt Arreola,27,9D3ZDOLR3X0QI7A4
Susan Halsey,41,OIXQ31SHP5C0I60B
Jordon Fagan,95,ULC2OZ1LO82ZAVE1
Clair Binder,87,T1PQILZU9RB56OP6
Wenona Duvall,58,12YB9A65J9PNKHEP
Mirella Pollock-Ripley,61,25EX63UZI9NR3USN
Meredith Bowling,70,QYHXNEAHUVH4665G
Dung Champagne,17,K0Q7HCO74QCQYQTM
Felipa Loveless-Tyler,36,KZV4USTNPYR5C0SO
Almeta Trask,12,1H53ZZQLCM01I5Z5
Christiana Vang,20,N0FA54MZBYCVHYMK
Khadijah Fletcher,51,4RP6C1I3UX3MNRXM
Lera Willis,51,3C7EI28QNNUH5NZJ
Derrick Haight,82,OSQOC1EAMPUK3EGV
Phebe Denney,14,GF02FEQQBE5VNZ0T
Michael Ragland,60,IZ7SI5QGGVNQKIH2
Karie Sonnier,16,RACMI31XMS48RVQJ
Dixie Thorp,20,ADIQETN03MKVBFIF
Brad Crowder,55,5R8G93K9G4PCQNVA
Blanca Handley,95,4ZO097JUEAZN8RI8
Penelope Longo,47,JG1USTOCMGQKQHXC
Tandy Pendleton,89,LL4NO9E9XGFVM06Z
Pattie Rounds,10,07HMFMR93JYD1UT5
Darrin Cushman,76,XQVZ2O647JTXXNEX
Nakesha Unger,81,GGT75EQ0TXEQGARK
Priscilla Nunes,15,QN36QQIPQPRH6YT7
Reid Riddell,97,DVLYPTBZIV3AOP6X
Sharell Deleon,31,HHEK5QVQEISMN3NI
Crystal Seward,48,LTF23UT9JUQOXN8F
Jeromy Dorn,94,M5IQSVUSD6IPPY1N
Eliz Wenzel,17,NDLIQZN7KX440731
Ariane Vetter,7,01VNIN30UKPVRS7C
Chad Counts-Peralta,93,1F3Z7B9HXEO5AE2A
Detra Byars,43,IGHGX8OG4XLIL2N7
Ruthann Mulkey,75,X2CZGB7JQLFBHAP9
Abel Mobley,16,Q3VQPCGO4N53JYT6
Alica Rosenbaum,86,05E36RY8ISC1UV6M
Marianela Barlow,59,R16VK4RXZ1JJUP8M
Grisel Washburn,17,DECA515RXID052J3
Flora Causey,73,IUPEIDG3IPZ0RV0Q
Soo Glover,90,93NM49CG85SUJUEH
Georgene Mccurry,99,GGJ14IB723C19H88
Emerita Young,30,2AQFJKTZU6GSJ7JK
Theron Pope,81,C8KS1FDNBQ6ZPZ0D
Maple Vallejo,79,5Y5LM2JOFP9NJVIQ
Robert Braswell,81,JUQ4NUE56LNUNE1Q
Alexia Rubio,53,691CG95ZC319TEYX
Lana Wren,45,RJ24NGIN8C8OM8CD
Bobbi George,34,QAHXVZ8KDKORARUC
Kasey Neuman,54,XC2FBB5XB5GZAB7T
Mohammad Cheek,42,SO8F89YV4GRGLIVY
Amparo Sturgis,53,O875NIETHSQ7CGQM
Nobuko Hahn,20,D4UYLA6GVKBRMYHP
Sina Caron,76,GNARBSQAFFUYJIMT
Mathew Gilbertson,85,G6QTOLV8J6NT6O5K
Pasquale Tisdale,31,3QTKIFGS7CJVPFYG
Hubert Whitehead,43,UV1GQ5Y65QK03UOV
Marguerite Self,29,C41GEFPA94MNVOQS
Wava Everett,19,87C6JPOO5AMFO0DP
Alonzo Mattox,2,QXKCG4NKQ9YXY7HL
Aurea Finch,34,XLVJGSV4BVSM15SE
Elli Pelletier,97,3N96ESJ7TY5LVCKD
Dane Adams,28,BZ3ZPN5O60PS5F4J
Ngoc Crisp-Maples,5,2ORQNJNEHSX2U6GG
Joel Woo,99,DXQQC8ASE4EHAY5T
Van Benitez,50,1N95QCJ1YXZKUELO
Barrett Power,70,CBI0JVDD3NAJOOBV
Alyssa Giles,43,99QNDUIZVGNS2SUP
Marisa Weems,94,FFDS34QJY2RPD3JB
Danette Shapiro,28,L0CYQSO2QNFY03CQ
Melodee Romo,7,VDPXEQ69ALYLCOSX
Claude Sperry,93,N6PST09KYXKXYKXS
Kanesha Howes,24,LQZ9APSY191TQ8QQ
Earl Albright,4,YAMSA1KOCVIPQ2Z6
Kimberlie Bohannon,5,5ZN19LGQGX3KYKXT
Jerilyn Gruber,19,Q19G571Y9DJX8JK7
Roxy Aldridge,94,VN9NQOZTQQP4VIUO
Hisako Furlong,1,O8G0EOTUHDE21NVY
Boyd Whitmire,16,QKZ3I9J7I65N3TJ7
Loan Dow,68,SX84KODUIIOCH1Y7
Tracy Cooper,64,KDI1ZS8TNVAYFEE4
Tomas Lew,72,MO5KY7B34Y634270
Heather Fraley,41,OJK811US1NQVQ8FZ
Cherie Durden,19,UZERGP1G5OKQ6T2T
Page Quigley,96,PITV0D5OQKXQQCHI
Aide Mccormack,34,TQ1S9BQMUH1BOHNL
Marion Fawcett-Gaskins,86,O23N9NEPSDQP6JTP
Jessenia Posey,17,1U7940OCPSZBTURS
Ayanna Rohde,90,EBYKOF572D4OTLIZ
Tess Cleary,53,MMUO8LKB5KEBFH95
Kortney Gillis,38,Q2VCBTT3H3QHEB55
Tomi Marble,29,2E7MPD7NAYKQ9AIM
Tari Himes,39,TR4ZRUYEYLJQZEIQ
Rosaria Wilson,58,U0T8NYFKAU81VNNA
Gladis Daniels,29,QVB9VZXYCHILHRM6
Royce Bates,25,CKSSODPMPGQAOD5P
Tessie Solis,99,65MCOQR8TNQUDUZ6
Maegan Musser,10,CZVQ0L26NF98UDIM
Kasey Putnam,64,1IJBU5IQKFSN2XM6
Heriberto Griswold,68,ROUMPF2RZX24O8CK
Reyna Powell,65,9D29BAJGFC4J33N6
Jeanmarie Zeller,62,NCPJM0FQ85QKU626
Andre Bliss,37,0UAFK9VGVDSN7PGD
Catherine Dexter,45,SQR4VQX8HDDKNYFK
Kelvin Marx,56,58FRUGS1XDCSLBOO
Sena Nall,7,93ILQ5OLCRBXFMBM
Joseph Strange,61,J93FN9PRHTB8S1L3
Stephanie Doty,52,LZDUMESXYOU73JIR
Theola Doll,80,N2UYOHYSKBQRYT1R
Ladonna Brigham,28,1GCQXO9VAU91N1VV
Magda Henning,13,99E7D7NAJTP0G203
Deandrea Fierro,15,Z74M9M2VFJG3O3JD
Clemente Pearce,80,3M49QI4FHULIAFOI
Ellis Binder,73,I57J6K0S88BGTYQQ
Marquitta Stinson,37,QMPCC4YAP1OHN5DM
Gina Mount,37,IB67JZX3IPDRX1AT
Randa Herrick,49,TRVQRC3I5AFBZQN4
Leonida Rosa,98,UQHYHQR1IUILOJSZ
Catheryn Torrence-Berry,96,FQC1HDON38TA5SN7
Adeline Otto-Cage,92,FT6FHNOFKDXIQFIU
Xavier Horne,18,ZAV0AS0348E112IH
Delila Shearer,77,QHZE743PD4KBUZF0
Velda Farley,71,RAMKNP74QQPJI3TE
Kathaleen Herring,37,REB5A57ORQ1QEIH7
Ariel Mcmillan,68,QSJQV8LUD2UOJL9C
Audria Tolliver-Hudgins,41,DAERTL00NII7LQ11
Reuben Cochran,43,GQE8NHVS0BJI4JKQ
Leon Hemphill,28,HO7DLQ42I6E6JKE7
Sandie Cochran,75,TOAEQZ8NJ55QVYPR
Emma Madsen,36,I04XVT2PI116IOYA
Migdalia Nevarez,17,DMI91D2MTFBIB1OG
Sari Darling,64,I1L1HNHDC21843C5
Markus Shaw,52,JT5BA6CSKDHZLG93
Velia Willson,33,V92YPPT62QT7VKQ6
Cara Greco,80,ZQ8801VIDQF4AGZN
Lachelle Timmerman,88,EK1OAT7FV3JT58A1
Cinderella Colon,18,457KP4VYMTBZPUHJ
Veronique Irving,90,EV4RQOIETL0AR81H
Juli Case,52,AEJBZGVGHXPADJJK
Leesa Troy,85,CBM8S2T83Y7Z8U83
Thomasine Kimball,44,3KYZX0HGR86LZNQ8
Reinaldo Newby,99,58NHLUV6LFBPNDVC
Keshia Redd,67,7JSB6UP2H4R2X0FS
Sima Crutcher,74,11OEV4LG39HYRTAM
Chantell Pulido,25,7RZHC3XYC07QDQRN
Risa Ogden,85,PRJPPQAOPPMJGEOY
Charlena Bruner,59,PDO4KMZ2AN86MBV0
Vickey Welker,43,GXD9JRTQ77O4QZOR
Lucinda Nix,80,EYZTE4ELLUDO1K43
Olivia Alonzo,94,PY6SOS3YUZBXYZQ2
Randell Boswell-Girard,3,ZLHB6QPIOVGG814J
Tereasa Saucedo,75,K07AP30JKZC7E36M
Tamica Stamps,91,RVZV4SV9TPXNZK8H
Jerrold Cutler,74,QBJOKXIQFP376YU9
Danille Hawes,93,VQR13Q10KEK36SR2
Blaine Moreno,75,2T1JGXG2K0P09T4Q
Consuela Priest-Seibert,67,NMOGAFSYF7R20JRJ
Isa Eldridge,78,OB2NMHFZ0N3TVFMV
Deandre Wilbanks,85,7QR55MQ09M95FGGO
Bernardo Osborn,78,1640P5RLB8AUSUVO
Loida Holley,98,0K70GG57CXYDQGZ3
Clemencia Chestnut,29,B71Y3JSL7AMG1JVQ
Lena Connors,26,VV1C2FMG08PSQ935
Theda Fischer,25,M0FBJY1AVPAHYQKZ
Marcelo Ayres,84,ZO2HPU0CU98ZQSRT
Precious Ragan,90,DD57UUXQOBIODJ84
Kirby Casanova-Hairston,89,Z5KDCEIA98XBFAUE
Marti Kendrick,2,BCVB8YDZM6DX71IP
Ashleigh Matheson,53,7YLJNULON78KFIJQ
Jayne Garvin,49,Y3N8B5YX67KKG69F
Queenie Michels,15,VUC0HPOSZXQC89HB
Vernetta Heredia,47,LQHLMKCF1ZQQYICM
Juliette Matthews,19,10L7A29JN5J0EDLB
Jessi Newberry,84,O8UQEZQ6QG6MO1AB
Glayds Fawcett,71,GP9OLL8R149Y10ER
Oda Amador,96,UPD1PQ3PT86C4O3O
Ashli Milburn,19,536Y4ORUIQ633XQL
Laurene Fenner,36,QIKP57KM75XX14Q6
Debbi Carlisle,4,8T2EDV0UNR3BXSF0
Milo Rogers,47,244DUY3JLMT1XAOZ
Fredric Guinn,9,C3Y8NX4NJQ95KF51
Ferdinand Segal,70,01H6P6IQNC145ERC
Annis Cooney,27,32P51QOJPY0U3IQZ
Maryanne Shuler,78,ETSGA9AHUJ7SNT3Y
Neida Zeigler,1,5YAAP5S07INANKEQ
Crystal Hinton,11,4ZIO9Q5H3HE7CRQA
Ping Marks,38,TKTSQDXO821QVYDM
Nora Puckett,99,0FKQSZQ5B68RZL45
Janice Bounds,92,Q8XS73Q86DZD0KBV
Williams Coe,45,J358GQ6T6YI2NS9B
Berry Welsh,27,VT5YZQISIDNQCXK7
Florinda Luce,45,4G4KR6VYH1FOJIGI
Kayleen Merchant,45,QNC3S064VZR8594Q
Doria Boss,25,2MJX2OL18LIKN3FA
Terina Braun,49,RM3BF0J6SKZXLMZY
Ava Hankins,83,GXYX5XOYF1LYHM9G
Pok Bui,28,FQ36C5K8P7FMX8Q5
Awilda Caro,46,8V64T5P600X54L3O
Denise Aleman,48,RBM5XI3Q2XNRKC6U
Jacquelyn Huskey,17,JCC374M07ID6V5PG
Katia Cockrell,44,QKSBDQNRU3TGP54D
Lorean Holloman,62,PBE56AEQM6UBLU9U
Amal Flint,77,SQI8C4B74EK3TKRE
Stella Sheridan-Sorenson,36,PAQUEM2T3Y7ABP1O
Eleanore Devore,69,NIOQV4M8STTNC5QO
Cristi Mcleod,71,O561R5H5LZTSGP0E
Julee Kay,96,2IBLM3YR843U4IUC
Bret Stack,11,6UQEYPU7EQX1JF8I
Maybelle Jett,38,HJM4E8BOQGRBQ3YQ
Carola Phan,93,Z0EQQI7Q5AJQ4RP1
Jill English,13,7FE01L1K8Y227NBR
Michele Keene,65,5F2XH7QJ9XMOJL6F
Louann Brenner,35,HK8PMUHSTR1FCPES
Valentin Beckham,54,2IODDRMXSDL16AQK
Tonja Freitas,9,A5734CCI5XJ5BQ1N
Sherry Riggins,67,DRVGE6ZDQ36X1IA3
Fermin Rome,30,F6LXUIM3LJFFZOQ1
Lowell Baca,17,6EXDR1987QISXF8H
Herbert Sands-Siegel,96,Y7A6876CTV7SSG7P
Shelly Styles,38,CVPBL1YKZFL0VO07
Thalia Ransom,30,LXA9XRH04CU96RDF
Ludie Lively,49,9MZXSESB9ZIAIT9X
Lakeisha Dion,72,9D39LT23GI07MUVK
Hui Ramos,85,CID3FMIAYVEJ6ZTB
Takisha Strange,9,PE8PDRK8JCFT58XZ
Inez Kunz,51,2Z38UQYOEVATRBAK
Refugio Ledet,12,YQ6G8Q6R50FGILOX
Golden Landers,28,6GCQSBEM97JIC8OK
Rosario Scarbrough,92,ZZ1RJYYSOA93AF9Q
Allegra Creighton,87,00IAFEX1MAA5O0UC
Lajuana Burchfield,57,5LHD74I4H3SEB114
Brittaney Hardy,64,K0NLJVQIRK3452H6
Kyong Switzer,80,6FQUG5OP0GOB9R46
Odessa Trahan,61,N1ULR1BKI3PIZOVP
Bernardina Qualls,78,7LO6JCGQHSFVVAV2
Wilfredo Fuqua,5,6QX3BD7SAM20FQJM
Gertrude Reno,90,4D9JQDMYKVH062E4
Shon Barela,95,KS2LQGD3BUSR314J
Kacie Broyles,16,A8VMZYVGP54YXBTI
Wei Kennedy,58,X83MBV37M466N6XG
Jeffrey Shore,47,JKLPZQ1CHAE8UFSJ
Ozell Greene,34,2QA1QZY4J8QYUI99
Marilou Sasser,34,7Y6S2RDQFVB4ZSD7
Juli Huddleston,59,OBR7K8ZPO0YYKDI6
Cora Leone,14,9S547VF3I6XV3XBY
Eliana Drayton,85,QM8GUFCD24BM34MA
Luetta Asbury,98,8FSSN3VOE0XTSQFS
Donovan Crespo,77,FKHXXJBU30KZE9JA
Mikel Whalen,59,5ZDPR3QHGTX8M15H
Pete Settle,98,U0G6GF33M9PB628O
Marisol Guerin-Sheets,56,ZGY169LMUOAM2OPJ
Leticia Martens,89,1X1DCC2QEKSMZ4B7
Moon Lane-Lacey,32,01Z9MQT2QY9II07I
Sharyn Neil,49,UU5DK0QG0UP9YIY5
Shawnda Kruger,6,YS9QCVHRFXEDZ9S0
Deirdre Barger,1,Y5EC05KRTSOPGSI9
Arlean Reagan,50,11IMHU46OYF1IJ2J
Deeanna Buffington,28,7ABS695XQQP6VX55
Alethea Quezada,61,4L7GQG3Y12YCHQGZ
Rodrick Moya,64,LLH80DQH54CS6RLN
Amalia Staten,67,7UIG1PQV9I15I6A4
Shonna Slaughter,71,XX38Q8JD4B0XMKQV
Lino Poling,45,XLUMYC4XUT96ECHX
Charissa Walker,43,25NL8MT8FUEXSUJI
Tobi Segal,39,DHRKGRN3XMSQLT0T
Lori Crayton-Cooke,23,Q22XCGVDZN1O9AB2
Britt Steinberg,12,QFT37QFDZP4XKENQ
Jacqualine Fite,16,U8KJH3HJUITSDBFK
Aubrey Derr,74,F3IX4F3PLXJNOY29
Afton Jacobsen,21,A8IP2UV1UOO8IPQ5
Torrie Crooks,84,DJAYDPE7041R2K7Q
Margarite Zimmerman,3,YLQ9XIJDJ0R883GJ
Ward Fierro,8,L7B6DJXONNXHF7M2
Sherron Chaney,43,BE8BR9BGSYHMFSGI
Rachell Dingle,44,RYOBIZICRQAI17QG
Claribel Dillard,24,JMUI3EP3MHZKZVP8
Aline Pearsall,21,6HQE245EJE3411OJ
Rosana Delatorre,52,DDYYHR676B4K6ZDA
Ela Keener,54,EUXITCH24UQB2ZOY
Tamekia Naquin,18,MAEDMQ076C80AULV
Bobbye Tang,34,DIN0Z0IUEBJFQ2RD
Letty Pollard,6,B6FMRHDC9AD6HV52
Ebonie Dillon,80,74CJQIS0DK5IY1YZ
Bernetta Roybal,80,50A53TURVLZFTQ8N
Fabiola Jensen,54,4FUGI1KJLGMBV3U7
Mitzi Vera,2,84FKUD9EPG3KNV7O
Denice Leavitt,12,EB7J5J1GNUSDLI1Z
Suzy Isaacson,73,2IJ1EU18RYEJ8ING
Adrienne Condon,63,DZV4S65QPSY4Y018
Tamra Velez,40,LJB9HHBA5Q8XPKZM
Daryl Herrin,48,SXL7BLI4QLI8BX4I
Ty Cherry,88,XDQEZXL1G0OQ8799
Lynette Shipley,2,YVKDMNCF9UQ4FJ4S
Titus Ingram,38,NFT4Q8CSF2EP6ZVM
Jarrett Thrasher,30,LVX522PQT4AYDSHP
Gilbert Gooding,75,Q0PI8ZJ3FKD5QPR4
Oralia Hutson,5,563RXJXZIT41UF0U
Melodee Hallman,38,97OIQG5NJQ6A3B0X
Chanda Robinson-Parra,27,YHYOOI5KFCAUHG36
Lilli Cantwell,32,T4UIZBJAKODQ1123
Jule Couch,24,F791Q9B51GK8N6TF
Olimpia Reich,16,6KC1MAOXP3BC51GL
Dalia Keenan,28,04IIM7JJJMZ76ENQ
Sheila Clough,81,XPE2EA417054KIV5
Margery Ball-Hopper,45,5NLQJ24GSLMH46G9
Luetta Parkinson,29,NAFZQJ8XZ1H1J3YF
Heide Riley,95,1TKKHKON3ALJCBNV
Karleen Cline,91,HIDUUMFADGDVSFL2
Moses Eagle,96,JBZXRLYB4TM78EU5
Latarsha Wendt,56,213N2RVLX3PBUP7Y
Jenifer Noel,55,5LQ2B1NVIR7DZ7QE
My Khan,42,40R8XOQ5J433O2UO
Micaela Friedman,21,N11QSVT0RQXFBEFQ
Paris Becker-Frizzell,55,FBE02U73DXXSO1SX
Dayna Champion,33,ZTPSX3XRTU3YQD7P
Alix Townes,90,Z1ZE0QJQ58121FZK
Irina Cardenas,10,QURJ2IHAYHAB0QZA
Horacio Espinoza,93,L37IX7R7CRX2923J
Nenita Seymour,92,CXK070QT7ESLLID1
Lovella Griffis,44,H8QT509I0JQIN5NT
Margo Moreau,96,G3HKP4QDDNFXSQLR
Florinda Diggs,67,BQQQKFQBULJ89NR1
Dovie Farris-Wesley,50,EY3IF8TK4REQAN9B
Gladis Guidry,69,IVA80KXN5A0VOOXU
Lyndsay Dover,65,Y331MB84UAQKSYRF
Allyson Bohannon,69,BTLQ60U8FHTSHJ52
Celestina Luster,83,QEV404JD4FJ6OPUN
Mel Ruffin,31,VAV9O7C7Q05677MH
Rachael Han,7,ND6KY3SMDJ9N6P82
Laveta Mcmillan,86,RTG9BTZVICG9XMUS
Victorina Rollins,11,0D6YKAQ7SQAK5MRP
Alden Langdon-Matos,37,TD1E976NM5VUYDKZ
Celine Freed,39,6NM9EQBPB9ZT091P
Temple Weis,62,AN341QCF5TKJYN3D
Deedee Laster,8,D85AEOQAYREP9A5Q
Tanja Boyd,60,0MFR3JPLYVGIAA6T
Gudrun Sorensen,70,JPNMT3ADH9X2SFGB
Rachel Thibodeau,18,EXBT0XG2PD1RZ0I7
Shala Wolf,96,BSNHI9E3I4K1FQOH
Dane Gatlin,56,QP1ZRPIP1Q00HHN8
Petrina Goolsby,24,JLU1YPQ5VT8TG8GT
Williemae Barham,37,7CGFSFGMAEZ25OVO
Marilee Griffith,58,4M99PQJYGM69NPJ7
Eugenio Mcelroy,43,E1S5SLC2FHYDMQ9T
Latonia Grider,96,50D8U4YUEJLGN92S
Shon Godfrey,63,I37SGZLQRUPUSH0O
Dixie Williamson,20,SIIQJR9O2LNQHIPL
Charlsie Villanueva,54,J6QQ38QBDZG0N2MS
Donnie Dahl,25,GNPPFD1JUNQSFHDY
Liza Chandler,90,QKVTU5FJGJE1Q6TS
Carmine Croft,84,EJD8KQA78BZUXD64
Selma Kaye,9,JKA43CA2DHP2XPF6
Iola Scott,24,HN49DEOQFYDMTYNI
Delilah Dove,96,HAHYDSAHQMLX3ZQB
Vinita Spivey,53,EA0XR87M4QDP6Q4V
Camie Tinsley,19,T9ULO0HAD61FIT8S
Charita Sam,55,LD73P3Z5FI9YLFGK
Dakota Lessard,25,SSYX75H5N64BQHM3
Jackson Rapp,21,AYVYEKGP65I87836
Nathanael Forsythe,31,3QQU290XBMHFCE43
Tu Reilly-Gladden,44,7HPEXZBQTTLZP9FJ
Karole Norris,2,VG8OY1442DOIMZFK
Barbera Fennell,90,K8KCECQQLD96X2HC
Elvia Gulley-Drake,36,T67NY924IN0QSEN6
Isabelle Benedict,42,9SBV7ZEJ2UK23S3C
Alexa Sell-Hess,67,S1JUEH1VDZE68S8Z
Dorothy Portillo,2,9KY1SU5UPR435JJ5
Merna Ouellette,60,59FSQNZDOJJSKM7R
Maryanne Bruns,85,QPSCL0XY1RJUPSRQ
Lionel Severson,32,46CQSBMQNJU5CJHL
Edelmira Soria,29,KEZ3SNTCDHHOCQ7Q
Isaac Fender,5,LK2X2YDBP6XEE0XJ
Deandre Keen,28,51SXBOUFQZDUX4LD
Kathern Ward,38,8BDSUNKCQ8ZM7G5P
Masako Clouse,3,0ABEK643O492QL1E
Lorriane Weiss,7,PVQ386KGHUGC32EY
Claudia Schafer,70,EQ7EYZQ8QFJBKJJR
Priscilla Herman,75,O375XPLTHXEPR9HE
Norah Heffner,87,BTSEKBUI09T9SMIU
Shirley Blanton-Butterfield,79,K4NUQUJ8U9YBNGX1
Jong Kenny,33,5X296YS4AQS39O0Y
Noelle Whitehead,23,C317V22JFS4Q3O96
Tonette Prater,63,RO21BJ9KZA46HI53
Aura Mills,45,H4D96RIE9HS9ZMY0
Florencia Rader,8,BXDZE687AAK8ZPUK
Deidre Back,11,ES277ZEKQI8N24R9
Oretha Wolfe,83,6K3YPVRBEN5D0JQ7
Sherise Isaacson,39,HVC7KSCGA2R18M0X
Lauran Lerner,79,Q0ID8VK1LPKRBCJ2
Claudine Brant,60,0VPMEY98XDZVPPXH
Jackelyn Coffey,14,8ZN9H2HF6BPBBKXJ
Santa Sibley,9,R0IPUFY656I9YQ0T
Wilhemina Cobbs,57,9QILXL19Q0SFH9RG
Bea Barkley,67,UJULAQGYIGI6LQ46
Krystina Creech,21,HQX2N9YGKPEEQMPM
Stacia Mahoney,11,AMEECAJ00EABD8P0
Ivana Harter,57,Y535UDNCVQIKD9E1
Antone Zaragoza,93,0Y3QG86QHGE6KSSJ
Renato Laflamme,19,E1UD2NU7HR37IDQX
Tori Hamblin,89,T5H07L5L9NQAGDS0
Lang Adler,22,D3HMURHB71A4YBVY
Samual Hindman,52,RRJIGMOSC08KUTJY
Paulita Peeples-Swank,13,D90LQYSN7EQ5TH4O
Youlanda Grenier,21,UQVHKL9ROMQTGUQH
Milo Grayson,40,CHSRSSFFGUQ5SAGF
Myra Cable,73,XK5192DGJPGQHIT4
Cathryn Kearney,7,32670AQLVCQ8HRQC
Stephnie Wiley,50,EONH9JJUC9CSQ0DO
Paola Boling,53,RYR3CK3L3V144QLM
Deedee Smith,60,G2J6Y8HBQ3C66CC3
Kari Macdonald,43,UXHXJ0SE1D5QG51G
Karlyn Doss,46,3L0C7C620J7Z5749
Emelina Pendleton,90,OQQ8K47KE5ARK88M
Maple Weaver,23,X8KCJTEC5423BPA5
Yun Sandlin,32,G83Z60R4BKLNV5DP
Dannie Grover,88,QJYQLYGRYQVZLB9X
Jeromy Mccrory,74,38JAR8QB52DR7VJF
Elfrieda Urbina,95,B23D9QSNP5D4XKUV
Katheleen Gannon,8,8QMD2HIDMKA4ULHC
Sherly Carlisle,87,XQR7O6ISKYKR4OCF
Fidela Tellez,71,LQ62ZY8RS3AFL78D
Rosio Keenan,25,EJQBRMZFF8LTOJY1
Mathilda Felder,11,R7X73MLYPS1FOTZ4
Alec Barney,89,XHX5P5CYEDN41FNC
Minta Stephen,68,PGL6VM9PVY3OZV6M
Madeline Knowlton,64,74ZYF61JJEPAC010
Chad Hobson,35,TUYIEIQ6J306K2AO
Eda Calabrese,69,LZ13NDP7HPACSL2A
Rosy Gunderson,98,LDX2ENURQQQ8AXQX
Gerri Presley,35,9I537UXZLXI9S56P
Kimberely Orta,59,TSI1UXR6L57OQMQG
Ruben Allred,84,PSCMV7B43KBHGFBE
Graig Christman,1,N42DN5J96LTZHV9C
Donnell Bottoms,52,ITN6JUKFN6DFX26N
Lilla Duckett,66,V1AY1M3ZLQE2802L
Sunny Dunne,75,VSKHJ07JSFZHGGGD
Gema Mcwilliams,2,Y54VUQQ6QL16GUXL
Maricruz Strader,54,RQ81JD1D7L26PYX8
Taunya Blum,48,I9F0LV1ZRV5F1H4U
Dorsey Pagan,24,EYIT7NDAQRVUCBMR
Danita Wesley,40,6FK7Q0XHZUGJ0FUM
Lola Gavin,3,7KB7JJSIO0F23GRK
Pamella Bruton,17,4U4SM7CTJHUQ4DRA
Orville Boudreaux,82,QB9OGGU1QVZFD066
Terica Chapin,31,8QKNYKBFO7V9LBG3
Kacy Durden,3,OKXQHAJUOFTXO3S6
Antonina Beamon,26,5OID9GR2OAU3P3PM
Marcie Cullen,82,0KXZ2FDUMXLLZ00C
Odelia Summerlin,94,E08RFN0R2ZP6SX2U
Robin Doughty,17,5JG90ZVP6G6Q1U6R
Saran Nobles,88,OX9T0X8X3ZU491ZH
Ming Franco,45,QTVVV7SPOEGUECGL
Makeda Ricci,86,8OEHMI8QQ3JXZR41
Wava Irvin,30,KB0RCXBLR9V7VR0Q
Selma Osullivan,76,HA3DQ7QH3GMXFS2X
Curtis Saldana,8,EITE2UR2ZQQ0BSK4
Apryl Romeo,78,ZRRQVK56H5PCHQFS
Sueann Lockwood,90,04IKO98HHKIRVYTD
Angie Autry,43,CIDHLVY45V777LCI
Heath Nash,22,4O4XQHR21AXC2RUA
Elli Her,92,UTCPUQDXCI53910L
Elnora Masterson,82,H3P3C9CJQ8DIAQLM
Aisha Kim,6,R9QLYRV3E47ONPFT
Violette Ocasio,72,040DM2K4HK64YFQE
Erwin Pryor,52,8NE2N62EL45ASZXF
Nick Menendez,9,633Z4BTXPGP0AD2D
Sandy Hein,22,3ZP44OS89EHS1ZIC
Denny Abell,12,R4K50YFB3F3TTCSH
Wilma Brooks,86,1RTRQQQRTT0PBMBX
Joaquin Neely,71,6O4FM1SLJTPOC7H3
Omar Slayton,91,IQGQB6FAEKBG2Z1K
Galen Lincoln,65,19BJQLQ55QM1OF8Z
Randee Serrano,71,JG5QAD7L8P2YD9QP
Derick Waugh,8,TZJUC0R6EQQ0KGZZ
Mardell Foss,31,KB9419DJ6L5GNCO0
Russ Handy,81,O4731B9IR8D9ZLE0
Thelma Weller,12,U4AJVN2QRO51LPJ4
Kirby Kirk,90,D2OSBZ83T5CYYIGM
Jeff Book,63,61E87QYQGTP039L0
Edyth Ware,8,VREJ9DGCHIEI58HJ
Tera Sheffield,92,6U8A8LEOVBMQMMNQ
Tonya Donnelly,6,EVI3HONH1P47QUL6
Karole Drummond,81,4EVAFOPQ1L4FJFPK
Erminia Roman,51,6SFF2XEELKA0EKLI
Hildred Hargrave,92,I8RQ92AQ2YAYGSP4
Quyen Marquez,42,BHM4NVT62K0LDKBY
Selma Withrow,76,C54GPB7TELO9TXTN
Donovan Amato,86,L0QIXD4CGGBIHBPT
Geri Hollis,2,7Q2KUER22D1I6RQ1
Erlinda Fowler,99,S38AQK15S9YTQB0Y
Lisbeth Kruse,83,HM4CDOGIIF331RKJ
Daron Riddell,6,OQALMH2RERNT5SKC
Fidelia Lindstrom,78,0UGZ2X2I3NHPDBQ9
Lavette Nelson,44,10YGI0C71QBVIUU0
Kimiko Cowart,57,QX4Q06YZUZ6DSNQN
Jung Vance,47,XTVGL8ITUQUQSSIP
Milda Brenner,3,25SXACIK82XTYK5M
Elvia East,73,YFYFC4O08MM3RVIE
Connie Wilbanks,91,ZGB8QE9Q7F714D4J
Lindsy Tibbs,3,SQGIH7E6JQS2OZ8Q
Francina Sells,11,1ACZA9K30HE20V0C
Amberly Sorensen,61,BMSMALQNU19FIOOQ
Karri Cazares,76,AC1SS7TJY1SRXTAO
Bettie Plante,55,85D17U5GIQ4QG2AP
Barney Shapiro,76,OTSBU58VCQAN77QF
Sherrell Gilley,98,JGN4D220QVE3ONLQ
Gerry Thigpen,78,K50X3PFX6N9211C3
Frederic Tong,9,46XI3MPRP1X1U5US
Melvina Dupont,46,2SC1Q0X0LIBPKQRH
Arlen Delong,20,VC8ITNH2DQJX5EJI
Latina Espinal,18,FCZV7NJUSKOS17L4
Soon Conti,65,BHHYCDA9ZBAHYIFL
Albertina Negrete,47,XVI0L0JBFRO4RNSB
Fidel Shaffer,54,R8YZ4Q1Q85RK8FO6
Delorse Laroche,82,LL08T8U94P61XI6M
Fritz Glenn-Paradis,89,IY63BF6SEMMSYA7G
Anjanette Bernier,53,X8NK5UCIAQMCP3I6
Jaleesa Purvis,35,8054OTEVDYICX21U
Lonnie Oneil,26,E9T82RYO6AX7MNEX
Racquel Donovan,58,UHQH754UPV8SKY02
Gustavo Purdy-Haase,69,JMJSI37GO3CYEQ4D
Lavenia Hargis,73,QYJ6C5U2T2F8MQ57
Sumiko Pitre,42,5YZQKRQG7OGLGVYM
Roselle Wheat,74,DTQLKI9DHZO4KC4N
Verna Spear,6,N22YBDF7UABGX7PI
Tyree Rosser,49,4GKSHTQG3GKYMQ6J
Hiedi Mauldin,9,B98U0BMA9U04A3B4
Mina Helms,82,K1R7MSFN73BYDM4Q
Buena Braun,32,BOR5F9QY2KAEJH5I
Estela Guerra,66,KV6LNRQY6OUQMF0U
Raelene Boatwright,90,A98SPFTITYMFX6BT
Jaye Shoemaker,52,BYK19SC54XQ6BHB1
Blossom Mcfall,78,C6VBO0M29PFFC12F
Marti Canfield,10,1VOQAKTD2PX3Q5JI
Billy Grice,52,AHC0QL7V9YT6QO8F
Candi Heinrich,92,VCEQRQB6402P72QQ
Trudie Hostetler,79,D3AG7Y39S6SUQPR1
Laronda Totten,2,6VQGHREM23VCNDZQ
Yuko Reichert,48,BAERZ0Q7H16MBRJH
Mindy Haag,64,G3D6QF4VNV88UXOX
Cristina Tribble,1,KMT6640PAXQ445XI
Frankie Luckett,86,29Q0UILYC0BUX2R3
Randy Zambrano,33,30827XNQX6P9O17L
Eda Fiore,77,EFN1R3HJHUXHYAOZ
Jan Dell,45,7K18B4S8JZ8K5KZ5
Tomeka Cates,90,Q8FINFE3MC8X4BBL
Tanesha Bogan,20,S0PDQS4A49N9IZ2M
Barbar Aguilera,37,2RY5SMZ7RBOJIPZ9
Annelle Sorrell,16,6I4VCO4PH0JHF530
Dannielle Lincoln,49,U246CL7KZCRZZNMS
Kenda Putman,9,7CCQ92MZ03QQL16L
Jestine Berlin,73,QBRQMST6E8SGVQ2H
Deedee Lafleur,53,HJ1IAPN5PUIEQYDK
Elma Rader,9,KL8QAAEU9GR6K0JQ
Khadijah Hacker-Clayton,76,EIY2FTJXPRUVGK8Y
Ka Archie,24,R8O7GBL4ZCFVX5MH
Suk Sommer,70,BTIQ0NZ5RQ5MYM6H
Bo Toledo,43,65V1SDRVJYFIPB9B
Paris Chow,59,ZH9KNHPV2NQBUL8O
Evon Warner,89,JOV62CDSE2M6Y2FG
Miguel Mccord,83,4M4QIVQMV56JIZFP
Fatima Ives,83,QK34MEKJDJGHGQE1
Nicholas Fawcett,86,FX1DDIVMVXQ9JZ37
Zack Mcadams,70,DNRBN4KSDJQKV9FK
Clelia Orta,56,YYQKOOQCGDB4NFBC
Tawana Tomlinson,89,2BL3O7J2QHLIJGF4
Zula Bauer,73,6YHAQ0FKD4RSU8MD
Shemika Bannister,66,ATRHHO7HRA8JAP40
Agnes Fortner,28,48SC78U4JA8RFBE2
Kandace Pratt,67,P9A1S1QAF36RO937
Jade Foret,71,TUREEV5S86AI8AXI
Lavera Dewey,4,DJA4DP4QFQGIJS01
Arron Gaytan,98,DNC88NA5QZU54MV5
Parker Strunk,57,BGQYU5VH9CQTYK49
Lavera Koch,75,J1QBOBGDOG25XBIG
Keely High,37,X9O9CGVINEY06F7P
Taylor Curran,72,Z69NAXRDESO7QE2A
Mayola Krause,44,HCE73GQQ602JHBOU
Tonja Coppola,43,O8NM4QMGAA5SQZ2J
Shela Shelly,13,VOV7PD339HM62MTC
Graham Story,58,FQL3QO0P4304HGKT
Eryn Hargrove,39,0GO1HC4AQNSVR7V0
Carrol Haney,37,0VIL2TIJQ1LY0MDM
Shay Mcgee,20,BZK77MAS0DFDQETU
Marlin Seaman,40,DSIXRO9IQBMO2Z4A
Marvis Thorn,29,GSDN92S0NIF1X0UN
Shona Lindquist,67,EZQN58A0S4QNGGFD
Jackelyn Pantoja-Wynne,10,VVNQ2J122LHA046K
Rhett Trowbridge,20,HHA6COQDCZU616UF
Dora Beal,11,0LHZY2HQRTYELJ8B
Alfredo Woodall,40,LYDQYXZ1I6QUJ91V
Dione Gunter,63,ZQ3X98QXHY24QX0Z
Darin Penn,76,FRZNPOF3JT28EYQG
Carlene Heyward,17,LKA9CB9ZY5QJQKOS
Kazuko Lemon,66,4THVG4EA7U4L8NQV
Lizzette Chilton-Smothers,18,G4Z6LANGYV77XTV1
Annabel Hutson,10,DCFCYIUXGCJV2OQA
Tyree Roth,22,AB0HGZ252FBQ8O2L
Coreen Wood,25,TLN371GMQO49QN93
Lavonne Quillen-Cain,76,MQU71JZ7KUZOI6OD
Kasey Lester,14,XD1VOCT6VDRF9SL7
Cortney Fitzsimmons,82,VRLZLQTARHF2EUP6
Kisha Lessard,62,BEBZ0GOS5O12CLXP
Ellie Fontaine-Rock,48,VE89GZ2PQ2PS140Y
Verena Montez,22,35HGRJHZJDDTNJRD
Carmina Bedford,50,XCO8BD9ALLBKJ2H2
Tresa Albert,57,VQJ4FML25CLR6ROL
Ina Kang,37,6Q40T1VHLPPNSJ0X
Federico Flora,37,V8QQJF4QI9HXPTUT
Effie Ornelas,72,IL04H5PQKOBEQBOP
Mozelle Irvin-Corcoran,84,EDRGM6XPGL1H4NQ1
Renea Kozlowski,41,5Q4EHKIKKDA4IKQQ
Justine Towle,63,NIHXKGQGV8TRLNGV
Kitty Frizzell,41,9J2H7Y3GQKNRY6NN
Penelope Finch,3,JD3LA0A64ZPUGBDB
Treva Spinks,9,NF1ZNOQR2JCJPP0Q
Annabelle Littlejohn,40,T2DJQ9IVSSEQ8MKN
Cleora Beardsley,42,O8AG2VZI1BCZ6SVZ
Niesha Ragan,84,ROEFYEFJCP227HOC
Joycelyn Clarke,83,D0EHT3VJRATKFKTP
Jose Cain,35,HOYGZIMC52Z8QQBH
Cherry Pappas,11,QFFTFTCG51Y6BM9M
Chau Lovell,92,X8HQJYDS3MK6U245
Jacklyn Mcdade,85,8R9KTQIEAJCJ6PI3
Hildred Troy,29,93VXA77JF3K6VFP1
Frederick Robledo,97,01U3Z6VB9QTGH0GV
Susannah Cuellar-Thiel,3,6T2HOX5YQU6Z9OLH
Maricela Yang,77,33KE4O51ADZ4CAMZ
Leah Layne,40,ZQLD2HA9KRUNBOU0
Erinn Mattson,36,X3EXH4LT1PHNSAV0
Melani Dalton-Pogue,4,8D5MQ9R3AHX052IH
Cleora Reddy-Littlefield,15,NHBL010LL08TP9ZK
Doris Burris,7,29HQ45QEFSUA5UCQ
Agatha Tuck,85,JZDQOHCQ2P8AZQ19
Emelda Earl-Caban,69,CC4J5JJ6EACR7696
Adelle Broyles,46,A00ICOSAC5R9J9LV
Lannie Boykin,12,DQ5J5GHFQQPOG6RE
Bernita Rader,31,F7OB4ERYGB76E655
Barb Dowdy,80,Q9QZV6GOYGI2U592
Chantay Wang,71,62N3RKL395A8XKXJ
Austin Hundley,23,Q1QRXGZSPSQ787UA
Franklyn Turner,35,47SVCI8PTBHQ8HDN
Gustavo Perryman-Carver,28,4OPZN1MCJ1CZ10SI
Branden Ferrara,47,3M3KBAGDO5UHTOVC
Asley Mccaskill,56,X2GON1NA5LX57V4E
Jess Nunley,41,Y0L4Q700H6UBZFPE
Tressa Bayer,60,P5SU3Q42Q26S0DCR
German Gil-Jasso,87,9MDJDPQQKJ11EDC8
Terina Mckinney,15,UY4532XR5R0H8VMV
Mammie Oreilly,50,QR197CM7O7XHX1VS
Markus Ali-Hester,32,R0BJCYSNTL9NUG22
Madie Beach,61,QJ1HBPV9LV820VLR
Lise Herring,26,E2BL29GHYQTS6OQJ
Svetlana Harder,68,IDP9J8D546UCEST2
Janette Bader,84,L1QXJPHVRB2SEGZQ
Zenaida Fullerton,23,5A7DJFL1LXTC19TD
Tomas Mckenzie,15,MHCUX6EJQO69YH8T
Renee Hager,62,5GJZNVRCF7KJD6K5
Belva Shell,53,T78HIQ835DHLS3LI
Dawne Bedard,32,2L0KDHRSQJM9LH1Q
Norma Boston,18,4E0CNXPERQEI104M
Antonette Holcomb,96,92Z93T3CY4MBHTAJ
Exie Hedges,14,KXX4EIGQVE5HVZC9
Carlena Vest,5,NZ3NK5CVTO533ZQF
Antonetta Haddad,69,SA0325TQ7SV28AUB
Gladys Hacker,77,959XA5UCMXJO3NR0
Catrina Cason,77,A1PA5Q7X0F6BMESR
Brandee Anaya,12,Y54LSQFSEUTJD2YX
Kitty Spears-Burris,2,R6JLZPRM1NQB2T0Z
Britni Musser-Gladney,54,JSSXTA8MQSL0BZ03
Javier Eads,66,QNAMUXHGDA9OQDB1
Lecia Sams,39,XER4XCMS9QFVI7F9
Stephanie Menendez-Piazza,57,43VEJ3XYTTZL8QOY
Jesus Hurtado,22,0GKACXFVIQ4UJVP0
Retha Shockley,23,05IXEYX9G5EN50DZ
Erica Workman,37,MH6I3U8EQUEDR8N3
Cheri Beltran,41,GLE45G11FL8KAA1O
Jasper Tolliver,8,YSBOL48GFL30VHYJ
Dalia Thomas,52,QVLPPGLAX8FKMU8Z
So Chinn,99,AYQ079FV40K6H2XU
Emilie Hull,60,OA1Y8GA7M20TPYGK
Royce Keating,63,DBGF8LQV0ZREEV44
Mirella Lord,27,KIZJATUU517O35ZK
Suzan Stern,52,4EUUA7L1KGXDUQQC
Tressa Wylie,11,MGV3AG4BPFGIECI1
Mariette Elkins,90,4T6Q0ZJY2YKQKJVC
Nikole Corbitt,69,4KZCGASD2VK5H3KZ
Kassie Ruth,9,FY0YA0JNYUVBAEPP
Maragret Tipton,10,FG77GOQ99S2NAYDJ
Aja Cameron,66,KSRJ8GNE2GDIV1QP
Adell Alonzo,62,GM9IYMAYQJLUDCXA
Carleen Landry,32,QJXF9662UQJNO17Z
Polly Shirley,84,RRIDZNBI425Q1X0L
Marilynn French,41,DQN68UI1ROJ3LJIL
Gaye Lim,93,5ES496V9LNYQXXS4
Mohammad Carl,43,ZEDC92EVCY9FDXYZ
Salina Callender,55,AMGI3DNUFDRX2ZNC
Arline Jacob,85,KMVDQ8PV2P9SHLON
Shemika Morgan,70,XXIO1GG2S2G9HNI2
Denny Zaragoza,40,EZ3EDCHAFO1RGXVX
Saturnina Leon,34,5T47JLPGYL0DYNXC
Amee Hannah,97,J2DT4HNBTJ6QDDQ0
Tommie Moore,7,PP31CJJ9JBYKGN6L
Edie Nowak,18,SOOVSH3I7TTYP29E
Nona Ruiz,33,C3BQ8NJQN7V0KBJ6
Anika Seals,97,63QORMNIXXZZOXN3
Lon Mora,69,S4T7AA99SGDUGZNY
Suk Schrader,96,O1NZ9NUZ1ZIRC39Q
Marnie Devito,99,DAG01V1OY3ZK7PQ8
Adalberto Beaudoin,6,7X8XJFCUGFJ9FRL0
Debera Herron,56,QAKBAK9DZTKSIY5A
Angelique Trahan,83,3CLAQDS37G32B7TU
Chi Vernon,51,NO11S7RJYV2LMT19
Consuelo Hebert,91,JAR0L4V1FGTKDKU4
Barton Hawes,53,EIJ8ZY3PRKJ4EQBT
Adriene Coffey,13,T78P1HV61C9RPQO0
Lezlie Henning,43,H3ES4GHOLF2QNA3C
Lasandra Estevez,25,TIQMY6122201H6US
Yuette Large,41,NDQMV29N381Y5MTT
Gala Gass,12,NAOQSBCXDQYVDB4J
Cinthia Furman,38,G5ENRJ0RO7PXZHK2
Arianna Negrete,91,DZFD6XFPQGCU2XF5
Cassaundra Ocasio,90,IM85SPY6UZZIGQAZ
Saundra Sipes,83,MBN4EP39TRGF4ZU5
Robbi Ramirez,79,2Q9XIQT3DJBL7O1I
Angie Harwell,72,U24K0LICGBN4FD6J
Filiberto Bennett,13,EX1G7JN99OCK9MAC
Awilda Comstock,61,0JKBAVGC2JVPC9TQ
Lorette Bobo,53,SVA7XQUF4QZQDM5N
Theresia Card,33,83NZSYX9ZUVIJ9BT
Laurie Stitt,73,2G5X9J1NYTZ15HHT
Merlene Stclair,68,6L6659Q1NFDO8GOR
Berta Kinard,8,E3VS9HPE81QY2GB2
Janiece High,68,0YFO638YG9KQKT0V
Ozie Jaeger-Obryan,33,62NO4BN66LTTSJIT
Wanetta Sprouse,23,2KTQQSJ565R7GSOJ
Alesha Ali,44,LRDX1TT4UYV35XOM
Taunya Hsu,14,PHH6GQ23U4LOL28J
Antoine Abbott,78,NN8LQZ4XMF989RN1
Ileana Pemberton,71,K0P9987FOMZTYL5P
Sabra Mccants,64,OJDLDQ9NVQF6NPEJ
Somer Slayton,28,4LN0BUDJMTH5232Q